-- phpMyAdmin SQL Dump
-- version 4.5.1
-- http://www.phpmyadmin.net
--
-- Host: 127.0.0.1
-- Generation Time: Dec 13, 2016 at 06:43 PM
-- Server version: 10.1.16-MariaDB
-- PHP Version: 5.6.24

SET SQL_MODE = "NO_AUTO_VALUE_ON_ZERO";
SET time_zone = "+00:00";


/*!40101 SET @OLD_CHARACTER_SET_CLIENT=@@CHARACTER_SET_CLIENT */;
/*!40101 SET @OLD_CHARACTER_SET_RESULTS=@@CHARACTER_SET_RESULTS */;
/*!40101 SET @OLD_COLLATION_CONNECTION=@@COLLATION_CONNECTION */;
/*!40101 SET NAMES utf8mb4 */;

--
-- Database: `qlktx`
--

-- --------------------------------------------------------

--
-- Table structure for table `chucvu`
--

CREATE TABLE `chucvu` (
  `MaCV` varchar(45) NOT NULL,
  `TenCV` varchar(100) DEFAULT NULL,
  `MaPB` varchar(45) DEFAULT NULL
) ENGINE=InnoDB DEFAULT CHARSET=utf8;

--
-- Dumping data for table `chucvu`
--

INSERT INTO `chucvu` (`MaCV`, `TenCV`, `MaPB`) VALUES
('AD', 'Quản lí hoạt động chung của KTX', 'QL'),
('CV1', 'Phụ trách văn phòng Ban quản lí KTX', 'TP'),
('CV2', 'Phụ trách chung về an ning trật tự KTX, QL nhà C', 'TP'),
('CV3', 'Phụ trách sửa chữa trong KTX', 'NV'),
('CV4', 'Phụ trách quản lí nhà D', 'NV'),
('CV5', 'Phụ trách quản lí nhà A', 'NV'),
('CV6', 'Phụ trách quản lí nhà B', 'NV'),
('CV7', 'Quản lí an ninh trật tự', 'NV');

-- --------------------------------------------------------

--
-- Table structure for table `dichvu`
--

CREATE TABLE `dichvu` (
  `MaDV` varchar(45) NOT NULL,
  `TenDV` varchar(45) DEFAULT NULL,
  `DVT` varchar(45) DEFAULT NULL,
  `GiaDV` int(11) DEFAULT NULL
) ENGINE=InnoDB DEFAULT CHARSET=utf8;

--
-- Dumping data for table `dichvu`
--

INSERT INTO `dichvu` (`MaDV`, `TenDV`, `DVT`, `GiaDV`) VALUES
('DV1', 'Điện', 'Chữ', 1600),
('DV2', 'Nước', 'Khối nước', 2000);

-- --------------------------------------------------------

--
-- Table structure for table `dichvu_phong`
--

CREATE TABLE `dichvu_phong` (
  `MaDV` varchar(45) DEFAULT NULL,
  `MaPhong` int(11) DEFAULT NULL,
  `ChiSoCu` int(11) DEFAULT NULL,
  `ChiSoMoi` int(11) DEFAULT NULL,
  `ThanhTien` int(11) DEFAULT NULL,
  `NgayTao` date DEFAULT NULL
) ENGINE=InnoDB DEFAULT CHARSET=utf8;

--
-- Dumping data for table `dichvu_phong`
--

INSERT INTO `dichvu_phong` (`MaDV`, `MaPhong`, `ChiSoCu`, `ChiSoMoi`, `ThanhTien`, `NgayTao`) VALUES
('DV1', 1, 150, 178, 44800, '2016-05-12'),
('DV1', 2, 150, 181, 49600, '2016-05-02'),
('DV1', 3, 15, 36, 33600, '2016-10-03'),
('DV1', 4, 87, 95, 12800, '2016-07-05'),
('DV1', 5, 9, 35, 41600, '2016-07-07'),
('DV1', 6, 100, 141, 65600, '2015-09-01'),
('DV1', 7, 25, 32, 11200, '2015-12-12'),
('DV1', 8, 0, 18, 28800, '2015-12-13'),
('DV1', 9, 35, 43, 12800, '2016-05-06'),
('DV1', 10, 25, 35, 16000, '2016-05-07'),
('DV1', 11, 14, 47, 52800, '2016-05-15'),
('DV1', 12, 55, 65, 16000, '2016-09-04'),
('DV1', 13, 97, 105, 12800, '2016-05-17'),
('DV1', 14, 84, 100, 25600, '2016-05-19'),
('DV1', 15, 1, 26, 40000, '2016-05-20'),
('DV1', 16, 150, 178, 44800, '2016-05-21'),
('DV1', 17, 150, 181, 49600, '2016-05-22'),
('DV1', 18, 15, 36, 33600, '2016-07-12'),
('DV1', 19, 87, 95, 12800, '2016-08-01'),
('DV1', 20, 9, 35, 41600, '2016-08-02'),
('DV1', 21, 100, 141, 65600, '2016-08-05'),
('DV1', 22, 25, 32, 11200, '2016-06-06'),
('DV1', 23, 0, 18, 28800, '2016-08-06'),
('DV1', 24, 35, 43, 12800, '2016-08-07'),
('DV1', 25, 25, 35, 16000, '2016-08-08'),
('DV1', 26, 14, 47, 52800, '2016-08-10'),
('DV1', 27, 55, 65, 16000, '2016-08-12'),
('DV1', 28, 97, 105, 12800, '2016-08-15'),
('DV1', 29, 84, 100, 25600, '2016-08-17'),
('DV1', 30, 1, 26, 40000, '2016-08-18'),
('DV1', 31, 150, 178, 44800, '2016-08-20'),
('DV1', 32, 150, 181, 49600, '2016-08-22'),
('DV1', 33, 15, 36, 33600, '2016-05-01'),
('DV1', 34, 87, 95, 12800, '2016-08-24'),
('DV1', 35, 9, 35, 41600, '2016-08-25'),
('DV1', 36, 100, 141, 65600, '2016-08-26'),
('DV1', 37, 25, 32, 11200, '2016-08-27'),
('DV1', 38, 0, 18, 28800, '2016-08-28'),
('DV1', 39, 35, 43, 12800, '2016-08-28'),
('DV1', 40, 25, 35, 16000, '2016-08-29'),
('DV1', 41, 14, 47, 52800, '2016-08-30'),
('DV1', 42, 55, 65, 16000, '2016-08-01'),
('DV1', 43, 97, 105, 12800, '2016-09-01'),
('DV1', 44, 84, 100, 25600, '2016-09-02'),
('DV1', 45, 1, 26, 40000, '2016-09-02'),
('DV1', 46, 150, 178, 44800, '2016-09-03'),
('DV1', 47, 150, 181, 49600, '2016-09-04'),
('DV1', 48, 15, 36, 33600, '2016-09-05'),
('DV1', 49, 87, 95, 12800, '2016-09-06'),
('DV1', 50, 9, 35, 41600, '2016-09-07'),
('DV1', 51, 100, 141, 65600, '2016-09-08'),
('DV1', 52, 25, 32, 11200, '2016-09-09'),
('DV1', 53, 0, 18, 28800, '2016-06-04'),
('DV1', 54, 35, 43, 12800, '2016-09-10'),
('DV1', 55, 25, 35, 16000, '2016-09-11'),
('DV1', 56, 14, 47, 52800, '2016-09-12'),
('DV1', 57, 55, 65, 16000, '2016-09-17'),
('DV1', 58, 97, 105, 12800, '2016-09-15'),
('DV1', 59, 84, 100, 25600, '2016-09-15'),
('DV1', 60, 1, 26, 40000, '2016-09-17'),
('DV1', 61, 150, 178, 44800, '2016-09-18'),
('DV1', 62, 150, 181, 49600, '2016-09-20'),
('DV1', 63, 15, 36, 33600, '2016-10-05'),
('DV1', 64, 87, 95, 12800, '2016-05-01'),
('DV1', 65, 9, 35, 41600, '2016-05-01'),
('DV1', 66, 100, 141, 65600, '2016-05-02'),
('DV1', 67, 25, 32, 11200, '2016-10-05'),
('DV1', 68, 0, 18, 28800, '2016-05-01'),
('DV1', 69, 35, 43, 12800, '2016-05-01'),
('DV1', 70, 25, 35, 16000, '2016-05-02'),
('DV1', 71, 14, 47, 52800, '2016-09-17'),
('DV1', 72, 55, 65, 16000, '2016-09-17'),
('DV2', 1, 9, 35, 52000, '2016-05-12'),
('DV2', 2, 100, 141, 82000, '2016-05-02'),
('DV2', 3, 25, 32, 14000, '2016-10-03'),
('DV2', 4, 0, 18, 36000, '2016-07-05'),
('DV2', 5, 35, 43, 16000, '2016-07-07'),
('DV2', 6, 25, 35, 20000, '2015-09-01'),
('DV2', 7, 14, 47, 66000, '2015-12-12'),
('DV2', 8, 55, 65, 20000, '2015-12-13'),
('DV2', 9, 97, 105, 16000, '2016-05-06'),
('DV2', 10, 84, 100, 32000, '2016-05-07'),
('DV2', 11, 1, 26, 50000, '2016-05-15'),
('DV2', 12, 150, 178, 56000, '2016-09-04'),
('DV2', 13, 1, 26, 50000, '2016-05-17'),
('DV2', 14, 150, 178, 56000, '2016-05-19'),
('DV2', 15, 150, 181, 62000, '2016-05-20'),
('DV2', 16, 15, 36, 42000, '2016-05-21'),
('DV2', 17, 87, 95, 16000, '2016-05-22'),
('DV2', 18, 9, 35, 52000, '2016-07-12'),
('DV2', 19, 100, 141, 82000, '2016-08-01'),
('DV2', 20, 25, 32, 14000, '2016-08-02'),
('DV2', 21, 0, 18, 36000, '2016-08-05'),
('DV2', 22, 9, 35, 52000, '2016-06-06'),
('DV2', 23, 100, 141, 82000, '2016-08-06'),
('DV2', 24, 25, 32, 14000, '2016-08-07'),
('DV2', 25, 0, 18, 36000, '2016-08-08'),
('DV2', 26, 35, 43, 16000, '2016-08-10'),
('DV2', 27, 25, 35, 20000, '2016-08-12'),
('DV2', 28, 14, 47, 66000, '2016-08-15'),
('DV2', 29, 55, 65, 20000, '2016-08-17'),
('DV2', 30, 97, 105, 16000, '2016-08-18'),
('DV2', 31, 84, 100, 32000, '2016-08-20'),
('DV2', 32, 1, 26, 50000, '2016-08-22'),
('DV2', 33, 150, 178, 56000, '2016-05-01'),
('DV2', 34, 150, 181, 62000, '2016-08-24'),
('DV2', 35, 15, 36, 42000, '2016-08-25'),
('DV2', 36, 150, 178, 56000, '2016-08-26'),
('DV2', 37, 1, 26, 50000, '2016-08-27'),
('DV2', 38, 150, 178, 56000, '2016-08-28'),
('DV2', 39, 150, 181, 62000, '2016-08-28'),
('DV2', 40, 15, 36, 42000, '2016-08-29'),
('DV2', 41, 87, 95, 16000, '2016-08-30'),
('DV2', 42, 9, 35, 52000, '2016-08-01'),
('DV2', 43, 100, 141, 82000, '2016-09-01'),
('DV2', 44, 25, 32, 14000, '2016-09-02'),
('DV2', 45, 0, 18, 36000, '2016-09-02'),
('DV2', 46, 9, 35, 52000, '2016-09-03'),
('DV2', 47, 100, 141, 82000, '2016-09-04'),
('DV2', 48, 25, 32, 14000, '2016-09-05'),
('DV2', 49, 0, 18, 36000, '2016-09-06'),
('DV2', 50, 25, 32, 14000, '2016-09-07'),
('DV2', 51, 0, 18, 36000, '2016-09-08'),
('DV2', 52, 35, 43, 16000, '2016-09-09'),
('DV2', 53, 25, 35, 20000, '2016-06-04'),
('DV2', 54, 14, 47, 66000, '2016-09-10'),
('DV2', 55, 55, 65, 20000, '2016-09-11'),
('DV2', 56, 97, 105, 16000, '2016-09-12'),
('DV2', 57, 84, 100, 32000, '2016-09-17'),
('DV2', 58, 1, 26, 50000, '2016-09-15'),
('DV2', 59, 150, 178, 56000, '2016-09-15'),
('DV2', 60, 150, 181, 62000, '2016-09-17'),
('DV2', 61, 15, 36, 42000, '2016-09-18'),
('DV2', 62, 87, 95, 16000, '2016-09-20'),
('DV2', 63, 9, 35, 52000, '2016-10-05'),
('DV2', 64, 100, 141, 82000, '2016-05-01'),
('DV2', 65, 25, 32, 14000, '2016-05-01'),
('DV2', 66, 0, 18, 36000, '2016-05-02'),
('DV2', 67, 25, 32, 14000, '2016-10-05'),
('DV2', 68, 0, 18, 36000, '2016-05-01'),
('DV2', 69, 35, 43, 16000, '2016-05-01'),
('DV2', 70, 25, 35, 20000, '2016-05-02'),
('DV2', 71, 14, 47, 66000, '2016-09-17'),
('DV2', 72, 55, 65, 20000, '2016-09-17');

-- --------------------------------------------------------

--
-- Table structure for table `giahan`
--

CREATE TABLE `giahan` (
  `MaHD` int(11) NOT NULL,
  `NgayBatDau` date DEFAULT NULL,
  `NgayKetThuc` date DEFAULT NULL
) ENGINE=InnoDB DEFAULT CHARSET=utf8;

--
-- Dumping data for table `giahan`
--

INSERT INTO `giahan` (`MaHD`, `NgayBatDau`, `NgayKetThuc`) VALUES
(1, '2016-05-12', '2016-08-10'),
(2, '2016-05-02', '2016-07-31'),
(3, '2016-10-03', '2017-01-01'),
(4, '2016-07-05', '2016-09-03'),
(10, '2016-05-07', '2016-07-06'),
(11, '2016-05-15', '2016-07-14'),
(14, '2016-05-19', '2016-07-18'),
(20, '2016-08-02', '2016-10-31'),
(21, '2016-08-05', '2016-11-03'),
(23, '2016-08-06', '2016-09-05'),
(63, '2016-09-17', '2016-10-17'),
(66, '2016-10-05', '2016-11-04'),
(69, '2016-05-02', '2016-07-31');

-- --------------------------------------------------------

--
-- Table structure for table `hoadon`
--

CREATE TABLE `hoadon` (
  `MaHD` int(11) NOT NULL,
  `TongTien` int(11) DEFAULT NULL,
  `NgayTao` date DEFAULT NULL,
  `MaPhong` int(11) DEFAULT NULL,
  `MaNV` int(11) DEFAULT NULL
) ENGINE=InnoDB DEFAULT CHARSET=utf8;

--
-- Dumping data for table `hoadon`
--

INSERT INTO `hoadon` (`MaHD`, `TongTien`, `NgayTao`, `MaPhong`, `MaNV`) VALUES
(1, 96800, '2016-05-12', 1, 6),
(2, 131600, '2016-05-02', 2, 6),
(3, 47600, '2016-10-03', 3, 6),
(4, 48800, '2016-07-05', 4, 6),
(5, 57600, '2016-07-07', 5, 6),
(6, 85600, '2015-09-01', 6, 6),
(7, 77200, '2015-12-12', 7, 6),
(8, 48800, '2015-12-13', 8, 6),
(9, 28800, '2016-05-06', 9, 6),
(10, 48000, '2016-05-07', 10, 6),
(11, 102800, '2016-05-15', 11, 6),
(12, 72000, '2016-09-04', 12, 6),
(13, 62800, '2016-05-17', 13, 6),
(14, 81600, '2016-05-19', 14, 6),
(15, 102000, '2016-05-20', 15, 6),
(16, 86800, '2016-05-21', 16, 6),
(17, 65600, '2016-05-22', 17, 6),
(18, 85600, '2016-07-12', 18, 6),
(19, 94800, '2016-08-01', 19, 7),
(20, 55600, '2016-08-02', 20, 7),
(21, 101600, '2016-08-05', 21, 7),
(22, 63200, '2016-06-06', 22, 7),
(23, 110800, '2016-08-06', 23, 7),
(24, 26800, '2016-08-07', 24, 7),
(25, 52000, '2016-08-08', 25, 7),
(26, 68800, '2016-08-10', 26, 7),
(27, 36000, '2016-08-12', 27, 7),
(28, 78800, '2016-08-15', 28, 7),
(29, 45600, '2016-08-17', 29, 7),
(30, 56000, '2016-08-18', 30, 7),
(31, 76800, '2016-08-20', 31, 7),
(32, 99600, '2016-08-22', 32, 7),
(33, 89600, '2016-05-01', 33, 7),
(34, 74800, '2016-08-24', 34, 7),
(35, 83600, '2016-08-25', 35, 7),
(36, 121600, '2016-08-26', 36, 7),
(37, 61200, '2016-08-27', 37, 3),
(38, 84800, '2016-08-28', 38, 3),
(39, 74800, '2016-08-28', 39, 3),
(40, 58000, '2016-08-29', 40, 3),
(41, 68800, '2016-08-30', 41, 3),
(42, 68000, '2016-08-01', 42, 3),
(43, 94800, '2016-09-01', 43, 3),
(44, 39600, '2016-09-02', 44, 3),
(45, 76000, '2016-09-02', 45, 3),
(46, 96800, '2016-09-03', 46, 3),
(47, 131600, '2016-09-04', 47, 3),
(48, 47600, '2016-09-05', 48, 3),
(49, 48800, '2016-09-06', 49, 3),
(50, 55600, '2016-09-07', 50, 3),
(51, 101600, '2016-09-08', 51, 3),
(52, 27200, '2016-09-09', 52, 3),
(53, 48800, '2016-06-04', 53, 3),
(54, 78800, '2016-09-10', 54, 3),
(55, 36000, '2016-09-11', 55, 5),
(56, 68800, '2016-09-12', 56, 5),
(57, 48000, '2016-09-17', 57, 5),
(58, 62800, '2016-09-15', 58, 5),
(59, 81600, '2016-09-15', 59, 5),
(60, 102000, '2016-09-17', 60, 5),
(61, 86800, '2016-09-18', 61, 5),
(62, 65600, '2016-09-20', 62, 5),
(63, 85600, '2016-10-05', 63, 5),
(64, 94800, '2016-05-01', 64, 5),
(65, 55600, '2016-05-01', 65, 5),
(66, 101600, '2016-05-02', 66, 5),
(67, 25200, '2016-10-05', 67, 5),
(68, 64800, '2016-05-01', 68, 5),
(69, 28800, '2016-05-01', 69, 5),
(70, 36000, '2016-05-02', 70, 5),
(71, 118800, '2016-09-17', 71, 5),
(72, 36000, '2016-09-17', 72, 5);

-- --------------------------------------------------------

--
-- Table structure for table `hopdong`
--

CREATE TABLE `hopdong` (
  `MaHopDong` int(11) NOT NULL,
  `NgayBatDau` date DEFAULT NULL,
  `NgayKetThuc` date DEFAULT NULL,
  `NgayTao` date DEFAULT NULL,
  `ChiPhi6Thang` int(11) DEFAULT NULL,
  `ThanhTien` int(11) DEFAULT NULL,
  `MaSV` varchar(45) DEFAULT NULL
) ENGINE=InnoDB DEFAULT CHARSET=utf8;

--
-- Dumping data for table `hopdong`
--

INSERT INTO `hopdong` (`MaHopDong`, `NgayBatDau`, `NgayKetThuc`, `NgayTao`, `ChiPhi6Thang`, `ThanhTien`, `MaSV`) VALUES
(1, '2016-01-07', '2016-05-12', '2016-01-02', 500000, 350000, '102120189'),
(2, '2016-02-02', '2016-05-02', '2016-01-28', 500000, 250000, '102130101'),
(3, '2016-05-03', '2016-10-03', '2016-04-28', 500000, 425000, '102130128'),
(4, '2016-02-03', '2016-07-05', '2016-01-29', 500000, 425000, '102130178'),
(5, '2016-02-05', '2016-07-07', '2016-01-31', 500000, 425000, '102130100'),
(6, '2015-04-01', '2015-09-01', '2015-03-27', 500000, 425000, '102120167'),
(7, '2015-07-12', '2015-12-12', '2015-07-07', 500000, 425000, '102120168'),
(8, '2015-07-13', '2015-12-13', '2015-07-08', 500000, 425000, '110140169'),
(9, '2016-01-01', '2016-05-06', '2015-12-27', 500000, 350000, '101130170'),
(10, '2016-01-02', '2016-05-07', '2015-12-28', 500000, 350000, '103120134'),
(11, '2016-01-10', '2016-05-15', '2016-01-05', 500000, 350000, '102120199'),
(12, '2016-04-04', '2016-09-04', '2016-03-30', 500000, 425000, '102107002'),
(13, '2016-01-12', '2016-05-17', '2016-01-07', 500000, 350000, '102107003'),
(14, '2016-01-14', '2016-05-19', '2016-01-09', 500000, 350000, '102110001'),
(15, '2016-01-15', '2016-05-20', '2016-01-10', 500000, 350000, '102140110'),
(16, '2016-01-16', '2016-05-21', '2016-01-11', 500000, 350000, '102140189'),
(17, '2016-01-17', '2016-05-22', '2016-01-12', 500000, 350000, '102150100'),
(18, '2016-02-10', '2016-07-12', '2016-02-05', 500000, 425000, '103110002'),
(19, '2016-03-01', '2016-08-01', '2016-02-25', 500000, 425000, '103130123'),
(20, '2016-03-02', '2016-08-02', '2016-02-26', 500000, 425000, '103130178'),
(21, '2016-03-05', '2016-08-05', '2016-02-29', 500000, 425000, '103140101'),
(22, '2016-04-04', '2016-06-06', '2016-03-30', 500000, 175000, '104120122'),
(23, '2016-03-06', '2016-08-06', '2016-03-01', 500000, 425000, '105130178'),
(24, '2016-03-07', '2016-08-07', '2016-03-02', 500000, 425000, '105150102'),
(25, '2016-03-08', '2016-08-08', '2016-03-03', 500000, 425000, '110130100'),
(27, '2016-03-10', '2016-08-10', '2016-03-05', 500000, 425000, '107130120'),
(28, '2016-03-12', '2016-08-12', '2016-03-07', 500000, 425000, '107130121'),
(29, '2016-03-15', '2016-08-15', '2016-03-10', 500000, 425000, '102120170'),
(30, '2016-03-17', '2016-08-17', '2016-03-12', 500000, 425000, '104120121'),
(31, '2016-03-18', '2016-08-18', '2016-03-13', 500000, 425000, '110130120'),
(32, '2016-03-20', '2016-08-20', '2016-03-15', 500000, 425000, '110130122'),
(33, '2016-03-22', '2016-08-22', '2016-03-17', 500000, 425000, '110130123'),
(34, '2016-04-04', '2016-05-01', '2016-03-30', 500000, 75000, '102130123'),
(35, '2016-03-24', '2016-08-24', '2016-03-19', 500000, 425000, '102120124'),
(36, '2016-03-25', '2016-08-25', '2016-03-20', 500000, 425000, '113120121'),
(37, '2016-03-26', '2016-08-26', '2016-03-21', 500000, 425000, '113120123'),
(38, '2016-03-27', '2016-08-27', '2016-03-22', 500000, 425000, '103130124'),
(39, '2016-03-28', '2016-08-28', '2016-03-23', 500000, 425000, '102130145'),
(40, '2016-03-28', '2016-08-28', '2016-03-23', 500000, 425000, '110120123'),
(41, '2016-03-29', '2016-08-29', '2016-03-24', 500000, 425000, '110120147'),
(42, '2016-03-30', '2016-08-30', '2016-03-25', 500000, 425000, '102120154'),
(43, '2016-02-03', '2016-08-01', '2016-01-29', 500000, 500000, '103120132'),
(44, '2016-04-01', '2016-09-01', '2016-03-27', 500000, 425000, '103120135'),
(45, '2016-04-02', '2016-09-02', '2016-03-28', 500000, 425000, '102120188'),
(46, '2016-04-02', '2016-09-02', '2016-03-28', 500000, 425000, '102120176'),
(47, '2016-04-03', '2016-09-03', '2016-03-29', 500000, 425000, '102130124'),
(50, '2016-04-04', '2016-09-04', '2016-03-30', 500000, 425000, '102140125'),
(51, '2016-04-05', '2016-09-05', '2016-03-31', 500000, 425000, '103103123'),
(52, '2016-04-06', '2016-09-06', '2016-04-01', 500000, 425000, '102120156'),
(53, '2016-04-07', '2016-09-07', '2016-04-02', 500000, 425000, '103130127'),
(54, '2016-04-08', '2016-09-08', '2016-04-03', 500000, 425000, '103130129'),
(55, '2016-04-09', '2016-09-09', '2016-04-04', 500000, 425000, '102120178'),
(56, '2016-01-03', '2016-06-04', '2015-12-29', 500000, 425000, '103120148'),
(57, '2016-04-10', '2016-09-10', '2016-04-05', 500000, 425000, '103120145'),
(58, '2016-04-11', '2016-09-11', '2016-04-06', 500000, 425000, '103120143'),
(59, '2016-04-12', '2016-09-12', '2016-04-07', 500000, 425000, '102120259'),
(60, '2016-04-13', '2016-09-13', '2016-04-08', 500000, 425000, '102120260'),
(61, '2016-04-15', '2016-09-15', '2016-04-10', 500000, 425000, '110130149'),
(62, '2016-04-15', '2016-09-15', '2016-04-10', 500000, 425000, '110130150'),
(63, '2016-04-17', '2016-09-17', '2016-04-12', 500000, 425000, '107130126'),
(64, '2016-04-18', '2016-09-18', '2016-04-13', 500000, 425000, '107130129'),
(65, '2016-04-20', '2016-09-20', '2016-04-15', 500000, 425000, '110150156'),
(66, '2016-06-01', '2016-10-05', '2016-05-27', 500000, 350000, '110150168'),
(67, '2016-02-01', '2016-05-01', '2016-01-27', 500000, 250000, '107120130'),
(68, '2016-02-01', '2016-05-01', '2016-01-27', 500000, 250000, '107120145'),
(69, '2016-02-02', '2016-05-02', '2016-01-28', 500000, 250000, '103150299'),
(73, '2016-10-12', '2017-04-12', '2016-12-10', 500000, NULL, '10213060');

-- --------------------------------------------------------

--
-- Table structure for table `khuvuc`
--

CREATE TABLE `khuvuc` (
  `MaKV` varchar(45) NOT NULL,
  `TenKV` varchar(45) DEFAULT NULL
) ENGINE=InnoDB DEFAULT CHARSET=utf8;

--
-- Dumping data for table `khuvuc`
--

INSERT INTO `khuvuc` (`MaKV`, `TenKV`) VALUES
('KV01', 'Nha A'),
('KV02', 'Nha B'),
('KV03', 'Nha C'),
('KV04', 'Nha D');

-- --------------------------------------------------------

--
-- Table structure for table `nhanvien`
--

CREATE TABLE `nhanvien` (
  `MaNV` int(11) NOT NULL,
  `TenNV` varchar(45) DEFAULT NULL,
  `TaiKhoan` varchar(45) DEFAULT NULL,
  `MatKhau` varchar(45) DEFAULT NULL,
  `NgaySinh` date DEFAULT NULL,
  `GioiTinh` varchar(45) DEFAULT NULL,
  `DiaChi` varchar(45) DEFAULT NULL,
  `SDT` varchar(45) DEFAULT NULL,
  `MaCV` varchar(45) DEFAULT NULL
) ENGINE=InnoDB DEFAULT CHARSET=utf8;

--
-- Dumping data for table `nhanvien`
--

INSERT INTO `nhanvien` (`MaNV`, `TenNV`, `TaiKhoan`, `MatKhau`, `NgaySinh`, `GioiTinh`, `DiaChi`, `SDT`, `MaCV`) VALUES
(1, 'Đặng Hoài Phương', 'hoaiphuongg', '123456', '1983-09-14', 'Nam', 'Duy Xuyên - Quảng Nam', '0935578555', 'AD'),
(2, 'Trần Nãi', 'trannai', '123456', '1981-09-25', 'Nam', 'Huế', '0914926155', 'CV1'),
(3, 'Phạm Viết Thương', 'vietthuong', '123456', '1980-06-11', 'Nữ', 'Quảng Trị', '0905091891', 'CV2'),
(4, 'Hoàng Thu', 'hoangthu', '123456', '1984-09-10', 'Nữ', 'Huế', '01293581379', 'CV3'),
(5, 'Trần Ngọc Ba', 'ngocba', '123456', '1981-08-08', 'Nam', 'Quảng Bình', '01268559977', 'CV4'),
(6, 'Nguyễn Vinh', 'nguyenvinh', '123456', '1982-09-09', 'Nam', 'Hà Tĩnh', '0914563590', 'CV5'),
(7, 'Nguyễn Anh Sơn', 'anhson', '123456', '1981-08-08', 'Nam', 'Quảng Bình', '0914300941', 'CV6'),
(8, 'Nguyễn Việt Hùng', 'viethung', '123456', '1982-09-09', 'Nam', 'Hà Tĩnh', '0975155859', 'CV7');

-- --------------------------------------------------------

--
-- Table structure for table `phong`
--

CREATE TABLE `phong` (
  `MaPhong` int(11) NOT NULL,
  `TenPhong` varchar(45) DEFAULT NULL,
  `TinhTrang` varchar(45) DEFAULT NULL,
  `SoLuongNgO` int(11) DEFAULT NULL,
  `SoLuongNgOToiDa` int(11) DEFAULT NULL,
  `SoLuongChoDaDat` int(11) DEFAULT NULL,
  `MaKV` varchar(45) DEFAULT NULL
) ENGINE=InnoDB DEFAULT CHARSET=utf8;

--
-- Dumping data for table `phong`
--

INSERT INTO `phong` (`MaPhong`, `TenPhong`, `TinhTrang`, `SoLuongNgO`, `SoLuongNgOToiDa`, `SoLuongChoDaDat`, `MaKV`) VALUES
(1, '101', 'day', 4, 6, 0, 'KV01'),
(2, '102', 'trong', 3, 6, 0, 'KV01'),
(3, '103', 'trong', 3, 6, 1, 'KV01'),
(4, '104', 'day', 6, 6, 0, 'KV01'),
(5, '105', 'trong', 2, 6, 0, 'KV01'),
(6, '106', 'trong', 3, 6, 0, 'KV01'),
(7, '201', 'day', 6, 6, 0, 'KV01'),
(8, '202', 'trong', 2, 6, 0, 'KV01'),
(9, '203', 'trong', 3, 6, 0, 'KV01'),
(10, '204', 'day', 6, 6, 0, 'KV01'),
(11, '205', 'trong', 2, 6, 0, 'KV01'),
(12, '206', 'trong', 3, 6, 0, 'KV01'),
(13, '301', 'day', 6, 6, 0, 'KV01'),
(14, '302', 'trong', 2, 6, 0, 'KV01'),
(15, '303', 'trong', 3, 6, 0, 'KV01'),
(16, '304', 'day', 6, 6, 0, 'KV01'),
(17, '305', 'trong', 2, 6, 0, 'KV01'),
(18, '306', 'trong', 3, 6, 0, 'KV01'),
(19, '101', 'day', 6, 6, 0, 'KV02'),
(20, '102', 'trong', 2, 6, 0, 'KV02'),
(21, '103', 'trong', 3, 6, 0, 'KV02'),
(22, '104', 'day', 6, 6, 0, 'KV02'),
(23, '105', 'trong', 2, 6, 0, 'KV02'),
(24, '106', 'trong', 3, 6, 0, 'KV02'),
(25, '201', 'day', 6, 6, 0, 'KV02'),
(26, '202', 'trong', 2, 6, 0, 'KV02'),
(27, '203', 'trong', 3, 6, 0, 'KV02'),
(28, '204', 'day', 6, 6, 0, 'KV02'),
(29, '205', 'trong', 2, 6, 0, 'KV02'),
(30, '206', 'trong', 3, 6, 0, 'KV02'),
(31, '301', 'day', 6, 6, 0, 'KV02'),
(32, '302', 'trong', 2, 6, 0, 'KV02'),
(33, '303', 'trong', 3, 6, 0, 'KV02'),
(34, '304', 'day', 6, 6, 0, 'KV02'),
(35, '305', 'trong', 2, 6, 0, 'KV02'),
(36, '306', 'trong', 3, 6, 0, 'KV02'),
(37, '101', 'day', 6, 6, 0, 'KV03'),
(38, '102', 'trong', 2, 6, 0, 'KV03'),
(39, '103', 'trong', 3, 6, 0, 'KV03'),
(40, '104', 'day', 6, 6, 0, 'KV03'),
(41, '105', 'trong', 2, 6, 0, 'KV03'),
(42, '106', 'trong', 3, 6, 0, 'KV03'),
(43, '201', 'day', 6, 6, 0, 'KV03'),
(44, '202', 'trong', 2, 6, 0, 'KV03'),
(45, '203', 'trong', 3, 6, 0, 'KV03'),
(46, '204', 'day', 6, 6, 0, 'KV03'),
(47, '205', 'trong', 2, 6, 0, 'KV03'),
(48, '206', 'trong', 3, 6, 0, 'KV03'),
(49, '301', 'day', 6, 6, 0, 'KV03'),
(50, '302', 'trong', 2, 6, 0, 'KV03'),
(51, '303', 'trong', 3, 6, 0, 'KV03'),
(52, '304', 'day', 6, 6, 0, 'KV03'),
(53, '305', 'trong', 2, 6, 0, 'KV03'),
(54, '306', 'trong', 3, 6, 0, 'KV03'),
(55, '101', 'day', 6, 6, 0, 'KV04'),
(56, '102', 'trong', 2, 6, 0, 'KV04'),
(57, '103', 'trong', 3, 6, 0, 'KV04'),
(58, '104', 'day', 6, 6, 0, 'KV04'),
(59, '105', 'trong', 2, 6, 0, 'KV04'),
(60, '106', 'trong', 3, 6, 0, 'KV04'),
(61, '201', 'day', 6, 6, 0, 'KV04'),
(62, '202', 'trong', 2, 6, 0, 'KV04'),
(63, '203', 'trong', 3, 6, 0, 'KV04'),
(64, '204', 'day', 6, 6, 0, 'KV04'),
(65, '205', 'trong', 2, 6, 0, 'KV04'),
(66, '206', 'trong', 3, 6, 0, 'KV04'),
(67, '301', 'day', 6, 6, 0, 'KV04'),
(68, '302', 'trong', 2, 6, 0, 'KV04'),
(69, '303', 'trong', 3, 6, 0, 'KV04'),
(70, '304', 'day', 6, 6, 0, 'KV04'),
(71, '305', 'trong', 2, 6, 0, 'KV04'),
(72, '306', 'trong', 3, 6, 0, 'KV04');

-- --------------------------------------------------------

--
-- Table structure for table `phongban`
--

CREATE TABLE `phongban` (
  `MaPB` varchar(45) NOT NULL,
  `TenPB` varchar(45) DEFAULT NULL
) ENGINE=InnoDB DEFAULT CHARSET=utf8;

--
-- Dumping data for table `phongban`
--

INSERT INTO `phongban` (`MaPB`, `TenPB`) VALUES
('NV', 'Nhân viên'),
('QL', 'Quản lí'),
('TP', 'Tổ phó');

-- --------------------------------------------------------

--
-- Table structure for table `quanlydatcho`
--

CREATE TABLE `quanlydatcho` (
  `MaDatCho` int(11) NOT NULL,
  `MaSV` varchar(45) DEFAULT NULL,
  `TenSV` varchar(45) DEFAULT NULL,
  `GioiTinh` varchar(3) NOT NULL,
  `Email` varchar(45) DEFAULT NULL,
  `SDT` varchar(12) NOT NULL,
  `MaPhong` varchar(45) DEFAULT NULL,
  `Lop` varchar(45) DEFAULT NULL,
  `GhiChu` varchar(100) DEFAULT NULL,
  `NgayDatCho` date DEFAULT NULL,
  `NgayBatDau` date DEFAULT NULL,
  `NgayKetThuc` date DEFAULT NULL,
  `KichHoat` varchar(45) DEFAULT NULL,
  `active` varchar(20) NOT NULL
) ENGINE=InnoDB DEFAULT CHARSET=utf8;

--
-- Dumping data for table `quanlydatcho`
--

INSERT INTO `quanlydatcho` (`MaDatCho`, `MaSV`, `TenSV`, `GioiTinh`, `Email`, `SDT`, `MaPhong`, `Lop`, `GhiChu`, `NgayDatCho`, `NgayBatDau`, `NgayKetThuc`, `KichHoat`, `active`) VALUES
(1, '102130200', 'Tạ Quang Hoàng', '', 'hoangta@gmail.com', '', '1', '13T4', NULL, '2016-05-20', '2016-05-30', '2016-09-30', 'Chua kich hoat', ''),
(25, '10213060', 'Tạ Quang Hoàng', 'Nam', 'taquanghoang95@gmail.com', '01627872842', '2', '13T4', NULL, '2016-12-10', '2016-10-12', '2017-04-12', 'chua kich hoat', 'VSBQSHIR0B'),
(26, '123456', 'Li Ki', 'Nam', 'letruonglamit@gmail.com', '01648375940', '1', '17C2', NULL, '2016-12-13', '1970-01-01', '1970-07-01', 'chua kich hoat', 'EFJ3VX9MR9'),
(27, '1234566', 'Li Ki', 'Nam', 'letruonglamit@gmail.com', '01648375940', '1', '17C2', NULL, '2016-12-13', '1970-01-01', '1970-07-01', 'chua kich hoat', 'UL2WRGBGBG'),
(28, '12345666', 'Li Ki', 'Nam', 'letruonglamit@gmail.com', '01648375940', '1', '17C2', NULL, '2016-12-13', '1970-01-01', '1970-07-01', 'chua kich hoat', 'MU0WZOJURE'),
(29, '12345111', 'Li Ki Hi', 'Nữ', 'letruonglamit@gmail.com', '01648375940', '1', '17C2', NULL, '2016-12-13', '1970-01-01', '1970-07-01', 'chua kich hoat', 'ZFJ7U0UUGO'),
(30, '12345669', 'Li Ki Hi Ki', 'Nam', 'letruonglamit@gmail.com', '01648375940', '1', '17C2', NULL, '2016-12-13', '1970-01-01', '1970-07-01', 'chua kich hoat', '44PD1SXMLZ'),
(31, '1234566969', 'Li Ki Hi Ki Thanh', 'Nữ', 'letruonglamit@gmail.com', '01648375940', '1', '17C2', NULL, '2016-12-13', '1970-01-01', '1970-07-01', 'chua kich hoat', '24IEC4I021'),
(32, '1234566996', 'Li Ki Hi Ki Thanh', 'Nữ', 'letruonglamit@gmail.com', '01648375940', '1', '17C2', NULL, '2016-12-13', '1970-01-01', '1970-07-01', 'chua kich hoat', '4YIQ7MDZM5'),
(33, '1234566995', 'Li Ki Hi Ki Thanh', 'Nữ', 'letruonglamit@gmail.com', '01648375940', '1', '17C2', NULL, '2016-12-13', '1970-01-01', '1970-07-01', 'chua kich hoat', 'XDHH13RI6Q');

-- --------------------------------------------------------

--
-- Table structure for table `sinhvien`
--

CREATE TABLE `sinhvien` (
  `MaSV` varchar(45) NOT NULL,
  `TenSV` varchar(45) DEFAULT NULL,
  `Email` varchar(45) DEFAULT NULL,
  `NgaySinh` date DEFAULT NULL,
  `QueQuan` varchar(45) DEFAULT NULL,
  `GioiTinh` varchar(45) DEFAULT NULL,
  `Lop` varchar(45) DEFAULT NULL,
  `SDT` varchar(45) DEFAULT NULL,
  `MaPhong` int(11) DEFAULT NULL
) ENGINE=InnoDB DEFAULT CHARSET=utf8;

--
-- Dumping data for table `sinhvien`
--

INSERT INTO `sinhvien` (`MaSV`, `TenSV`, `Email`, `NgaySinh`, `QueQuan`, `GioiTinh`, `Lop`, `SDT`, `MaPhong`) VALUES
('101130170', 'Nguyễn Hạnh Hiếu', 'user01@gmail.com', '1995-08-08', 'Bắc Ninh', 'Nam', '13KT', '0122342453', 5),
('102107002', 'Nguyễn Thị Ngàn', 'user02@gmail.com', '1994-01-01', 'Quảng Nam', 'Nữ', '12SH', '0909897675', 1),
('102107003', 'Nguyễn Ngọc Nam Trân', 'user03@gmail.com', '1993-09-09', 'Quảng Bình', 'Nữ', '12SH', '0122324232', 1),
('102110001', 'Trần Thị Thanh Thúy', 'user04@gmail.com', '1993-02-01', 'Quảng Trị', 'Nữ', '12KT', '0122342345', 1),
('102120124', 'Hoàng Minh', 'user05@gmail.com', '1993-08-01', 'Hòa Khánh - Đà Nẵng', 'Nam', '12T2', '0122324564', 11),
('102120154', 'Hồ Ngọc Nam', 'user06@gmail.com', '1991-02-03', 'Quảng Trị', 'Nam', '12T2', '0122324235', 13),
('102120156', 'Hồ Thị Kim Huệ', 'user07@gmail.com', '1994-12-12', 'Nghệ An', 'Nữ', '12T4', '0122345234', 16),
('102120167', 'Lê Ngọc Anh', 'user08@gmail.com', '1994-09-13', 'Cam Lộ - Quảng Trị', 'Nữ', '12T3', '0989786564', 2),
('102120168', 'Nguyễn Tuấn Anh', 'user09@gmail.com', '1994-10-09', 'Quỳnh Lưu - Nghệ An', 'Nam', '12T3', '0989090876', 4),
('102120169', 'Nguyễn Thị Nga', 'user10@gmail.com', '1994-08-07', 'Phú Yên', 'Nữ', '12T2', '0921234213', 2),
('102120170', 'Trần Hồng Anh', 'user11@gmail.com', '1992-01-01', 'Hải Lăng - Quảng Trị', 'Nam', '12T1', '0122323457', 4),
('102120176', 'Trương Thị Hoài', 'user12@gmail.com', '1994-10-27', 'Huế', 'Nữ', '12T3', '0989765567', 16),
('102120178', 'Nguyễn Thị Hồng Trà', 'user13@gmail.com', '1993-08-03', 'Huế', 'Nữ', '12T1', '0122324234', 19),
('102120188', 'Lê Thị Tuyết Nhung', 'user14@gmail.com', '1994-08-08', 'Quảng Nam', 'Nữ', '12T3', '0987897652', 16),
('102120189', 'Phạm Thị Phương', 'user15@gmail.com', '1994-09-14', 'Duy Xuyên - Quảng Nam', 'Nữ', '12T3', '01668583242', 1),
('102120259', 'Phan Văn Trung', 'user16@gmail.com', '1993-02-02', 'Quảng Trị', 'Nam', '12T2', '0122324567', 21),
('102120260', 'Phạm Văn Hoài', 'user17@gmail.com', '1994-02-05', 'Huế', 'Nam', '12T3', '0122324235', 21),
('102130100', 'Lê Văn B', 'user18@gmail.com', '2016-04-05', 'Quảng Nam', 'Nam', '12A2', '0989786543', 3),
('102130101', 'Nguyễn Ngọc Nam', 'user19@gmail.com', '1995-08-03', 'Quảng Trị', 'Nam', '12T3', '0122324453', 3),
('102130123', 'Hồ Minh Huy', 'user20@gmail.com', '1994-08-08', 'Đại Lộc - Quảng Nam', 'Nam', '13T4', '0989789000', 11),
('102130124', 'Trương Thị Lệ Huyền', 'user21@gmail.com', '1995-02-04', 'Quảng Trị', 'Nữ', '13T1', '0122345234', 16),
('102130128', 'Phan Ngọc Quyền', 'user22@gmail.com', '1995-09-23', 'Huế', 'Nam', '13T4', '0909897675', 3),
('102130145', 'Nguyễn Viết Hoàng', 'user23@gmail.com', '1994-07-07', 'Cẩm Lệ - Đà Nẵng', 'Nam', '12T4', '0909898976', 12),
('102130178', 'Nguyễn Thị Nga', 'user24@gmail.com', '1995-05-05', 'Thăng Bình - Quảng Nam', 'Nữ', '12T4', '0989654567', 1),
('10213060', 'Tạ Quang Hoàng', 'taquanghoang95@gmail.com', NULL, NULL, 'Nam', '13T4', '01627872842', 2),
('102140110', 'Bùi Minh Ánh', 'user25@gmail.com', '1996-02-02', 'Triệu Phong - Quảng Trị', 'Nữ', '14T3', '0909231123', 2),
('102140125', 'Nguyễn Thị Nga', 'user26@gmail.com', '1994-03-04', 'Nghệ An', 'Nữ', '14T2', '0122345654', 16),
('102140189', 'Lưu Nguyễn Lưu Ly', 'user27@gmail.com', '1996-02-03', 'Đức Phổ - Quảng Ngãi', 'Nữ', '14T2', '01232123112', 9),
('102150100', 'Hà Bình', 'user28@gmail.com', '1997-01-02', 'Phú Ninh - Quảng Nam', 'Nữ', '15T1', '05102342342', 2),
('103103123', 'Nguyễn Nguyễn Yến Nhi', 'user29@gmail.com', '1995-09-02', 'Quảng Ngãi', 'Nữ', '13QLCN', '0909987654', 16),
('103110002', 'Phan Thị Cẩm Nhung', 'user30@gmail.com', '1993-08-08', 'Quảng Ngãi', 'Nữ', '12KT', '0898763241', 1),
('103120132', 'Nguyễn Văn Đức', 'user31@gmail.com', '1994-05-06', 'Gia Lai', 'Nam', '12SH', '0122323465', 15),
('103120134', 'Bùi Thị Thân', 'user32@gmail.com', '1995-10-10', 'Hòa Bình', 'Nữ', '13H5', '0166898786', 7),
('103120135', 'Phạm Ngọc Hạnh', 'user33@gmail.com', '1993-08-06', 'Quảng Nam', 'Nam', '12Sh', '0122345678', 15),
('103120143', 'Nguyễn Thị Minh Thảo', 'user34@gmail.com', '1994-08-08', 'Quảng Nam', 'Nữ', '12H3', '01668582324', 20),
('103120145', 'Từ Thị Hiền', 'user35@gmail.com', '1994-02-04', 'Quảng Nam', 'Nữ', '12H3', '0134234532', 20),
('103120148', 'Huỳnh Thị Thu Sương', 'user36@gmail.com', '1994-02-02', 'Quảng Trị', 'Nữ', '12H5', '0122345879', 19),
('103130123', 'Phan Thị Mỹ Nhung', 'user37@gmail.com', '1995-04-04', 'Nghệ An', 'Nữ', '13X1', '0122345676', 2),
('103130124', 'Phạm Văn Huy', 'user38@gmail.com', '1994-03-03', 'Điện Bàn - Quảng Nam', 'Nam', '13SK', '0122989097', 12),
('103130127', 'Nguyễn Thị Kiều Nhung', 'user39@gmail.com', '1995-09-06', 'DakLak', 'Nữ', '13KT', '0122324678', 18),
('103130129', 'Hồ Thị Mỹ Nhung', 'user40@gmail.com', '1994-01-02', 'DakLak', 'Nữ', '13KT', '0122345867', 18),
('103130160', 'Hoàng Tạ', 'taquanghoang95@gmail.com', NULL, NULL, 'Nam', '13T4', '01627872842', 1),
('103130178', 'Phạm Thanh Hằng', 'user41@gmail.com', '1995-02-03', 'Hà Tĩnh', 'Nữ', '13X1', '0122123456', 2),
('103140101', 'Hoàng Thị Thùy Dung', 'user42@gmail.com', '1994-01-02', 'Hiệp Đức - Quảng Nam', 'Nữ', '13SK', '0122123432', 7),
('103150299', 'Nguyễn Hòa An', 'user43@gmail.com', '1992-04-13', 'Tứ Xuyên - Hà Tây', 'Nam', '12D3', NULL, 7),
('104120121', 'Bùi Văn Thanh Khuê', 'user44@gmail.com', '1993-09-08', 'Hiệp Đức - Quảng Nam', 'Nam', '12X1', '0122123453', 4),
('104120122', 'Phạm Thị Hòa', 'user45@gmail.com', '1993-02-03', 'Hòa Hiệp - Đà Nẵng', 'Nữ', '12X3', '0989786567', 9),
('105130178', 'Bùi Thanh Thanh', 'user46@gmail.com', '1994-08-09', 'Duy Xuyên - Quảng Nam', 'Nữ', '13H2', '0122345234', 9),
('105150102', 'Đoàn Thị Kim Linh', 'user47@gmail.com', '1996-03-04', 'Quế Sơn- Quảng Nam', 'Nữ', '15H5', '01646234789', 7),
('107120130', 'Phan Minh Huy', 'user48@gmail.com', '1993-03-04', 'Quảng Trị', 'Nam', '12SH', '0935234567', 25),
('107120145', 'Nguyễn Nguyên Thảo', 'user49@gmail.com', '1993-05-07', 'Huê', 'Nam', '12SH', '0989345234', 25),
('107130120', 'Trần Văn Đảm', 'user50@gmail.com', '1995-04-05', 'TP Quảng Ngãi - Quảng Ngãi', 'Nam', '13SH', '0989789098', 3),
('107130121', 'Nguyễn Văn Dũng', 'user51@gmail.com', '1994-02-01', 'Trưng Nữ Vương - Đà Nẵng', 'Nam', '13SH', '0122897890', 3),
('107130126', 'Phan Văn Bảo Long', 'user52@gmail.com', '1994-03-03', 'Quảng Nam', 'Nam', '13SH', '0122342347', 23),
('107130129', 'Bùi Xuân Thế', 'user53@gmail.com', '1994-05-06', 'Huế', 'Nam', '13SH', '0122546859', 23),
('110120123', 'Nguyễn Văn Ngọc', 'user54@gmail.com', '1992-09-09', 'Quảng Nam', 'Nam', '12X1', '0909890897', 13),
('110120147', 'Phan Văn Nam', 'user55@gmail.com', '1993-09-06', 'P00hú Yên', 'Nam', '12X1', '0989675435', 13),
('110130100', 'Nguyễn Thị Thùy Minh', 'user56@gmail.com', '1995-09-03', 'Điện Bàn - Quảng Nam', 'Nữ', '13H2', '05102543456', 7),
('110130120', 'Nguyễn Thanh Hà', 'user57@gmail.com', '1995-04-09', 'Cam Lộ - Quảng Trị', 'Nam', '13C1', '0909865453', 4),
('110130122', 'Nguyễn Ngọc Hải', 'user58@gmail.com', '1995-04-09', 'Cam Lộ - Quảng Trị', 'Nam', '13C1', '090865453', 4),
('110130123', 'Trần Hoài Nam', 'user59@gmail.com', '1994-09-03', 'Duy Xuyên - Quảng Nam', 'Nam', '13C1', '0989786789', 4),
('110130149', 'Nguyễn Trần Bào Trung', 'user60@gmail.com', '1993-05-05', 'Huế', 'Nam', '12X3', '0122546457', 22),
('110130150', 'Trương Văn Phú', 'user61@gmail.com', '1995-06-06', 'KonTum', 'Nam', '12X3', '0122342345', 22),
('110140169', 'Ngô Văn Bình', 'user62@gmail.com', '1996-02-12', 'Hải Phòng', 'Nam', '14H2', '0989765897', 5),
('110150156', 'Nguyễn Văn Ngạn', 'user63@gmail.com', '1997-02-18', 'Huế', 'Nam', '15X3', '0122234567', 24),
('110150168', 'Ngô Văn Nghĩa', 'user64@gmail.com', '1996-02-04', 'Quảng Nam', 'Nam', '15X3', '0122345684', 24),
('113120121', 'Hà Nam', 'user65@gmail.com', '1991-02-01', 'Phú Yên', 'Nam', '12N1', '0122323567', 12),
('113120123', 'Nguyễn Khánh Thọ', 'user66@gmail.com', '1988-09-08', 'Quế Sơn - Quảng Nam', 'Nam', '12N1', '0123243534', 12);

-- --------------------------------------------------------

--
-- Table structure for table `taikhoan`
--

CREATE TABLE `taikhoan` (
  `MaND` int(11) DEFAULT NULL,
  `TaiKhoan` varchar(45) NOT NULL,
  `MatKhau` varchar(45) DEFAULT NULL,
  `active` int(11) NOT NULL
) ENGINE=InnoDB DEFAULT CHARSET=utf8;

--
-- Dumping data for table `taikhoan`
--

INSERT INTO `taikhoan` (`MaND`, `TaiKhoan`, `MatKhau`, `active`) VALUES
(1, '101130170', '123456', 1),
(3, '102107002', '123456', 0),
(3, '102107003', '123456', 0),
(3, '102110001', '123456', 0),
(3, '102120124', '123456', 0),
(3, '102120154', '123456', 0),
(3, '102120156', '123456', 0),
(3, '102120167', '123456', 0),
(3, '102120168', '123456', 0),
(3, '102120169', '123456', 0),
(3, '102120170', '123456', 0),
(3, '102120176', '123456', 0),
(3, '102120178', '123456', 0),
(3, '102120188', '123456', 1),
(3, '102120189', '123456', 0),
(3, '102120259', '123456', 0),
(3, '102120260', '123456', 0),
(3, '102130100', '123456', 0),
(3, '102130101', '123456', 0),
(3, '102130123', '123456', 0),
(3, '102130124', '123456', 0),
(3, '102130128', '123456', 0),
(3, '102130145', '123456', 0),
(3, '102130178', '123456', 0),
(3, '102140110', '123456', 0),
(3, '102140125', '123456', 0),
(3, '102140189', '123456', 0),
(3, '102150100', '123456', 0),
(3, '103103123', '123456', 0),
(3, '103110002', '123456', 0),
(3, '103120132', '123456', 0),
(3, '103120134', '123456', 0),
(3, '103120135', '123456', 0),
(3, '103120143', '123456', 0),
(3, '103120145', '123456', 0),
(3, '103120148', '123456', 0),
(3, '103130123', '123456', 0),
(3, '103130124', '123456', 0),
(3, '103130127', '123456', 0),
(3, '103130129', '123456', 0),
(3, '103130178', '123456', 0),
(3, '103140101', '123456', 0),
(3, '103150299', '123456', 0),
(3, '104120121', '123456', 0),
(3, '104120122', '123456', 0),
(3, '105130178', '123456', 0),
(3, '105150102', '123456', 0),
(3, '107120130', '123456', 0),
(3, '107120145', '123456', 0),
(3, '107130120', '123456', 0),
(3, '107130121', '123456', 0),
(3, '107130126', '123456', 0),
(3, '107130129', '123456', 0),
(3, '110120123', '123456', 0),
(3, '110120147', '123456', 0),
(3, '110130100', '123456', 0),
(3, '110130120', '123456', 0),
(3, '110130122', '123456', 0),
(3, '110130123', '123456', 0),
(3, '110130149', '123456', 0),
(3, '110130150', '123456', 0),
(3, '110140169', '123456', 0),
(3, '110150156', '123456', 0),
(3, '110150168', '123456', 0),
(3, '113120121', '123456', 0),
(3, '113120123', '123456', 0),
(3, '12345111', 'Truonglam95', 0),
(3, '123456', 'Truonglam95', 0),
(3, '1234566', 'Truonglam95', 0),
(3, '12345666', 'Truonglam95', 0),
(3, '12345669', 'Truonglam95', 0),
(3, '1234566969', 'Truonglam95', 0),
(3, '1234566995', 'Truonglam95', 0),
(3, '1234566996', 'Truonglam95', 0),
(1, 'admin', 'admin', 1),
(2, 'anhson', '123456', 0),
(2, 'hoaiphuong', '123456', 1),
(2, 'hoangthu', '123456', 0),
(2, 'ngocba', '123456', 0),
(2, 'nguyenvinh', '123456', 0),
(2, 'nhanvien', 'nhanvien', 0),
(2, 'trannai', '123456', 0),
(2, 'viethung', '123456', 0),
(2, 'vietthuong', '123456', 0);

-- --------------------------------------------------------

--
-- Table structure for table `thongbao`
--

CREATE TABLE `thongbao` (
  `MaTB` int(11) NOT NULL,
  `TenTB` varchar(100) DEFAULT NULL,
  `NoiDung` varchar(20000) DEFAULT NULL,
  `NgayHetHan` date DEFAULT NULL
) ENGINE=InnoDB DEFAULT CHARSET=utf8;

--
-- Dumping data for table `thongbao`
--

INSERT INTO `thongbao` (`MaTB`, `TenTB`, `NoiDung`, `NgayHetHan`) VALUES
(1, 'Thông báo bão số 7', '"Theo thông tin dự báo của Đài khí tượng thuỷ văn Trung ương, hồi 19 giờ ngày 16/10, vị trí tâm bão ở vào khoảng 16,7 độ Vĩ Bắc; 117,3 độ Kinh Đông, cách quần đảo Hoàng Sa khoảng 540km về phía Đông. Sức gió mạnh nhất ở vùng gần tâm bão mạnh cấp 13 (135-150km/giờ), giật cấp 16.\n\n       Dự báo trong khoảng 24 giờ tới, bão di chuyển theo hướng Tây Tây Bắc, mỗi giờ đi được khoảng 20km. Đến 19 giờ ngày 17/10, vị trí tâm bão ở vào khoảng 17,1 độ Vĩ Bắc; 112,3 độ Kinh Đông, trên khu vực phía Bắc quần đảo Hoàng Sa. Sức gió mạnh nhất ở vùng gần tâm bão mạnh cấp 14, giật cấp 16-17.  \n\n    Để chủ động đối phó với diễn biến của bão và bảm đảm an toàn cho sinh viên, Nhà trường đề nghị các đơn vị và toàn thể sinh viên thực hiện yêu cầu sau:\n\n Các sinh viên hiện đang lưu trú trong các nhà trọ không được kiên cố và an toàn, khẩn trương di chuyển đến ký túc xá của trường Đại học Bách khoa để tránh bão. Bắt đầu từ 12h00 ngày hôm nay (16/10/2016) Nhà trường sẽ bố trí mở cửa Ký túc xá để đón sinh viên vào tạm trú.\n Sinh viên cần chú ý chủ động bảo đảm về tài sản, tư trang cần thiết cũng như lương thực và nước uống để sử dụng cho cá nhân trong thời gian tránh bão. Các sinh viên hiện đang ở các khu dân cư cần tuân thủ đầy đủ các yêu cầu và chỉ dẫn của chính quyền địa phương về công tác phòng chống bão.\n Nhận được thông báo này, yêu cầu lãnh đạo các đơn vị, Ban cán sự các lớp và toàn thể sinh viên nghiêm túc triển khai thực hiện."', '2016-10-16'),
(2, 'Thông báo khảo sát nhu cầu nội trú', '"Để phục vụ tốt cho công tác quản lý nội trú của sinh viên, Phòng công tác Sinh viên yêu cầu tất cả sinh viên hiện đang nội trú tại Ký túc xá của trường Đại học Bách khoa-Đại học Đà Nẵng truy cập vào link http://goo.gl/forms/vMeSr0A6BG để tiến hành làm khảo sát của mình.\n\nChú ý: nếu bị chặn bởi Facebook thì click ""Follow link"""', '2016-09-20'),
(3, 'Thông báo bão số 4', '"Theo thông tin từ Trung tâm Dự báo khí tượng thủy văn Trung ương, trước tình hình cơn bão số 4 sắp đổ bộ vào đất liền, ảnh hưởng trực tiếp đến Đà Nẵng với sức gió rất mạnh.\n\n      Thực hiện công điện khẩn của Bộ Giáo dục và Đào tạo và thông báo của Giám đốc Đại học Đà Nẵng về việc phòng chống bão số 4, Phòng Công tác Sinh viên trường Đại học Bách Khoa – Đại học Đà Nẵng đề nghị sinh viên thực hiện các công tác sau:\n\n       - Sinh viên, học viên được nghỉ học trong ngày mai (13/9/2016).         \n\n       - Đối với các sinh viên ngoại trú, nếu khu ngoại trú, nhà trọ không đảm bảo an toàn có thể yêu cầu vào trú bão tại KTX trường Đại học Bách Khoa – Đại học Đà Nẵng.\n\n       - Đối với sinh viên nội trú KTX trường Đại học Bách khoa – Đại học Đà Nẵng hạn chế ra ngoài, chèn chống phòng nội trú để tránh các rủi ro; đồng thời báo cáo tình hình với Tổ quản lý KTX nếu có vấn đề xảy ra trong bão số 4."', '2016-09-12'),
(4, 'Thông báo sử dụng website ký túc xá', '"Hiện tại Ban quản lý ký túc xá đã tiến hành rà soát và so khớp thông tin sinh viên thuê phòng tại Ký túc xá trên Website Ký túc xá.\n\nNhững sinh viên nào đến hiện tại vẫn chưa cập nhật Mã số sinh viên chính xác sẽ không có trong danh sách thuê phòng. Những sinh viên này truy cập vào link sau http://goo.gl/forms/2y4UGnSscx để điền lại thông tin. Ban quản lý ký túc xá sẽ bổ sung vào danh sách thuê phòng sau.\n\nMật khẩu đăng nhập của tất cả sinh viên đã được reset về lại Mã số sinh viên của mình. Sinh viên nào đang nhập không được mang thẻ sinh viên đến gặp Ban quản lý Ký túc xá dể reset lại mật khẩu."', '2016-08-15'),
(5, 'Thông báo lịch đăng ký học kì I năm 2016-2017', '"Ban quản lý Ký túc xá thông báo:\n\nThời gian đăng ký nội trú học kỳ 1 năm học 2016-2017 sẽ bắt đầu từ lúc 5h00'' ngày 01/8/2016, kết thúc vào lúc 23h59'' ngày 04/8/2016. Từ ngày 31/7/2016, Ban quản lý Ký túc xá sẽ kết thúc các thuê phòng hiện tại của sinh viên đang nội trú.\n\nChú ý: Sinh viên được đăng ký nội trú các phòng của Nhà 4, tâng 1 và tầng 5 Nhà 5, phòng 210, 211, 212 Nhà 5 (thông tin về phòng được đăng ký có thể thay đổi, sinh viên chú ý theo dõi thông báo này để biết thêm nếu có thay đổi). Các sinh viên đăng ký nội trú các phòng khác sẽ không được duyệt chấp thuận khi Ban quản lý tiến hành duyệt phòng. Sinh viên có thể đăng ký quá số lượng tối đa của một phòng, Ban quản lý sẽ duyệt phòng theo độ ưu tiên của chế độ chính sách (sẽ được cập nhật để sinh viên bổ sung sau) và thời gian đăng ký của sinh viên."', '2016-07-30');

-- --------------------------------------------------------

--
-- Table structure for table `tintuc`
--

CREATE TABLE `tintuc` (
  `MaTT` int(11) NOT NULL,
  `TenTT` varchar(100) DEFAULT NULL,
  `MoTa` varchar(100) DEFAULT NULL,
  `ChiTiet` varchar(20000) DEFAULT NULL,
  `NguonTin` varchar(45) DEFAULT NULL,
  `NgayGoi` date DEFAULT NULL
) ENGINE=InnoDB DEFAULT CHARSET=utf8;

--
-- Dumping data for table `tintuc`
--

INSERT INTO `tintuc` (`MaTT`, `TenTT`, `MoTa`, `ChiTiet`, `NguonTin`, `NgayGoi`) VALUES
(1, 'Tình hình triển khai Internet', 'Tình hình triển khai Internet', '"1. Đã triển khai hệ thống cáp liên kết xong toà nhà 5,đã triển khai được 2 tầng toà nhà 4, ngày mai (16/10) có 2 đội thi công tiếp tục triển khai toà nhà 4 và triển khai nhà 3, đến ngày thứ 4 (19/10) xong hạ tầng đấu nối dây đến các phòng.\n\n2. Đã làm việc với nhà mạng ISP FPT và SPT sáng thứ 2 (17/10) sẽ tiến hành kéo cáp quang và cáp trục kết nối cho các toà nhà 5, 4,3 kế hoạch hoàn tất vào ngày thứ 4 (20/10).\n\n3. Hệ thống sẽ online vào ngày thứ 6 (21/10) và cho chạy kiểm tra trong 10 ngày đến hết tháng 10."', 'KTX BK', '2016-10-17'),
(2, 'Điện nước tháng 8/2016 nhà C', 'Điện nước tháng 8/2016 nhà C', '/Upload/Files/DIEN%20NUOC%20T8_2016%20NHA%203.xlsx', 'KTX BK', '2016-09-12'),
(3, 'Sống mãi ký ức ngày 30/4', 'Sống mãi ký ức ngày 30/4', '"Chiến tranh đã lùi xa 41 năm, đối với mỗi người con đất Việt thì lịch sử ngày 30/4 vẫn còn vẹn nguyên trong ký ức. Ngày 30/4/1975 ấy mãi mãi là mốc son chói lọi trong lịch sử nước nhà. Không như lớp cha ông đã trực tiếp tham gia chiến đấu để đi đến thống nhất nước nhà, chúng tôi – những người con được may mắn sinh ra trong thời bình, tuy không bị chứng kiến chiến tranh nhưng qua các trang sử được học trong trường phổ thông thì ngày 30/4 quả là một ngày trọng đại của đất nước. Chiến thắng 30/4 làm rung chuyển địa cầu, đã chôn vùi vĩnh viễn một chế độ thực dân ngụy quyền hại dân. Để rồi chúng hiểu rằng, trên mảnh đất mang hình chữ S không còn chỗ cho chúng dung thân, nước Việt Nam anh hùng bất khuất vẫn giữ vững màu cờ Tổ quốc tung bay trên bầu trời xanh hòa bình và độc lập.\n\n11 giờ 30 phút ngày 30-4-1975 bỗng tiếng loa phát thanh từ đài công cộng vang lên bản tin hùng hồn của Đài Phát thanh Tiếng nói Việt Nam thông báo: “Sài Gòn đã hoàn toàn giải phóng”."', 'Sưu tầm', '2016-04-29'),
(4, 'Duyệt gia hạn phòng KTX', 'Duyệt gia hạn phòng KTX', '"Hiện tại một số gia hạn phòng của sinh viên đã được Ban quản lý Ký túc xá duyệt. Sinh viên đăng nhập vào Tài khoản của mình, đọc thông báo và in đơn gia hạn, tiến hành nộp tại Ban quản lý Ký túc xá. Thời gian nộp tiền là 48 giờ kể thừ lúc đăng ký gia hạn được duyệt.\n\nTrong hôm nay sinh viên phải thường xuyên đăng nhập để kiểm tra thông tin nếu mình có đăng ký gia hạn phòng tại Ký túc xá."', 'KTX BK', '2016-06-01');

--
-- Indexes for dumped tables
--

--
-- Indexes for table `chucvu`
--
ALTER TABLE `chucvu`
  ADD PRIMARY KEY (`MaCV`);

--
-- Indexes for table `dichvu`
--
ALTER TABLE `dichvu`
  ADD PRIMARY KEY (`MaDV`);

--
-- Indexes for table `giahan`
--
ALTER TABLE `giahan`
  ADD PRIMARY KEY (`MaHD`);

--
-- Indexes for table `hoadon`
--
ALTER TABLE `hoadon`
  ADD PRIMARY KEY (`MaHD`);

--
-- Indexes for table `hopdong`
--
ALTER TABLE `hopdong`
  ADD PRIMARY KEY (`MaHopDong`);

--
-- Indexes for table `khuvuc`
--
ALTER TABLE `khuvuc`
  ADD PRIMARY KEY (`MaKV`);

--
-- Indexes for table `nhanvien`
--
ALTER TABLE `nhanvien`
  ADD PRIMARY KEY (`MaNV`);

--
-- Indexes for table `phong`
--
ALTER TABLE `phong`
  ADD PRIMARY KEY (`MaPhong`);

--
-- Indexes for table `phongban`
--
ALTER TABLE `phongban`
  ADD PRIMARY KEY (`MaPB`);

--
-- Indexes for table `quanlydatcho`
--
ALTER TABLE `quanlydatcho`
  ADD PRIMARY KEY (`MaDatCho`);

--
-- Indexes for table `sinhvien`
--
ALTER TABLE `sinhvien`
  ADD PRIMARY KEY (`MaSV`);

--
-- Indexes for table `taikhoan`
--
ALTER TABLE `taikhoan`
  ADD PRIMARY KEY (`TaiKhoan`);

--
-- Indexes for table `thongbao`
--
ALTER TABLE `thongbao`
  ADD PRIMARY KEY (`MaTB`);

--
-- Indexes for table `tintuc`
--
ALTER TABLE `tintuc`
  ADD PRIMARY KEY (`MaTT`);

--
-- AUTO_INCREMENT for dumped tables
--

--
-- AUTO_INCREMENT for table `hoadon`
--
ALTER TABLE `hoadon`
  MODIFY `MaHD` int(11) NOT NULL AUTO_INCREMENT, AUTO_INCREMENT=73;
--
-- AUTO_INCREMENT for table `hopdong`
--
ALTER TABLE `hopdong`
  MODIFY `MaHopDong` int(11) NOT NULL AUTO_INCREMENT, AUTO_INCREMENT=74;
--
-- AUTO_INCREMENT for table `nhanvien`
--
ALTER TABLE `nhanvien`
  MODIFY `MaNV` int(11) NOT NULL AUTO_INCREMENT, AUTO_INCREMENT=9;
--
-- AUTO_INCREMENT for table `phong`
--
ALTER TABLE `phong`
  MODIFY `MaPhong` int(11) NOT NULL AUTO_INCREMENT, AUTO_INCREMENT=73;
--
-- AUTO_INCREMENT for table `quanlydatcho`
--
ALTER TABLE `quanlydatcho`
  MODIFY `MaDatCho` int(11) NOT NULL AUTO_INCREMENT, AUTO_INCREMENT=34;
--
-- AUTO_INCREMENT for table `thongbao`
--
ALTER TABLE `thongbao`
  MODIFY `MaTB` int(11) NOT NULL AUTO_INCREMENT, AUTO_INCREMENT=6;
--
-- AUTO_INCREMENT for table `tintuc`
--
ALTER TABLE `tintuc`
  MODIFY `MaTT` int(11) NOT NULL AUTO_INCREMENT, AUTO_INCREMENT=5;
/*!40101 SET CHARACTER_SET_CLIENT=@OLD_CHARACTER_SET_CLIENT */;
/*!40101 SET CHARACTER_SET_RESULTS=@OLD_CHARACTER_SET_RESULTS */;
/*!40101 SET COLLATION_CONNECTION=@OLD_COLLATION_CONNECTION */;
